is_op,disagreement
False,17.851566566045594
True,20.8955223880597
