country,disagreement
AU,19.05829596
BR,21.51898734
CA,18.74062969
DE,13
FI,16.07142857
GB,14.28571429
MX,16.04938272
PL,16.21621622
RU,22.01834862
US,17.8722024
