country,disagreement
IN,31.25
CR,26.666666666666668
NO,23.333333333333332
RO,22.413793103448278
RU,22.018348623853214
BR,21.518987341772153
AU,19.05829596412556
CA,18.74062968515742
US,17.87220240025949
NL,17.647058823529413
IT,16.666666666666664
PL,16.216216216216218
FI,16.071428571428573
MX,16.049382716049383
JP,15.789473684210526
AR,15.384615384615385
GB,14.285714285714285
FR,13.043478260869565
DE,13.0
UY,10.344827586206897
NZ,10.256410256410255
SE,10.256410256410255
CY,8.108108108108109
