Class,Precision,Recall,F1-score,Support
Non-toxic,0.9090451418023158,0.8167973462002412,0.8604558811849734,6632
Toxic,0.6843335931410756,0.8293450881612091,0.7498932384341637,3176
